Region,Sales,Profit,Margen (%)
West,725457.93,108418.79,14.944876265946943
East,678781.36,91522.84,13.483405024557541
South,391721.9,46749.71,11.934413164032952
Central,501239.88,39706.45,7.921646218573031
